{"cameraMode":{"drawMode":0,"name":"Shaded","section":"Shading Mode"},"sceneLighting":true,"audioPlay":false,"sceneViewState":{"m_AlwaysRefresh":false,"showFog":true,"showSkybox":true,"showFlares":true,"showImageEffects":true,"showParticleSystems":true,"showVisualEffectGraphs":true,"m_FxEnabled":true},"in2DMode":false,"pivot":{"x":2.065438747406006,"y":1.0210764408111573,"z":-1.571974754333496},"rotation":{"x":0.12895819544792176,"y":-0.4063722491264343,"z":0.058053698390722278,"w":0.9026972055435181},"size":4.530802249908447,"orthographic":false}