{"cameraMode":{"drawMode":0,"name":"Shaded","section":"Shading Mode"},"sceneLighting":true,"audioPlay":false,"sceneViewState":{"m_AlwaysRefresh":false,"showFog":true,"showSkybox":true,"showFlares":true,"showImageEffects":true,"showParticleSystems":true,"showVisualEffectGraphs":true,"m_FxEnabled":true},"in2DMode":false,"pivot":{"x":20.228918075561525,"y":-6.514770030975342,"z":26.515565872192384},"rotation":{"x":-0.09251025319099426,"y":-0.8558664321899414,"z":0.16452234983444215,"w":-0.4814286231994629},"size":16.276235580444337,"orthographic":true}