{"cameraMode":{"drawMode":0,"name":"Shaded","section":"Shading Mode"},"sceneLighting":true,"audioPlay":false,"sceneViewState":{"m_AlwaysRefresh":false,"showFog":true,"showSkybox":true,"showFlares":true,"showImageEffects":true,"showParticleSystems":true,"showVisualEffectGraphs":true,"m_FxEnabled":true},"in2DMode":false,"pivot":{"x":26.319164276123048,"y":6.444263458251953,"z":8.225902557373047},"rotation":{"x":0.061572324484586719,"y":-0.7100684642791748,"z":0.06257123500108719,"w":0.6986523866653442},"size":13.693778991699219,"orthographic":true}