{"cameraMode":{"drawMode":0,"name":"Shaded","section":"Shading Mode"},"sceneLighting":true,"audioPlay":false,"sceneViewState":{"m_AlwaysRefresh":false,"showFog":true,"showSkybox":true,"showFlares":true,"showImageEffects":true,"showParticleSystems":true,"showVisualEffectGraphs":true,"m_FxEnabled":true},"in2DMode":false,"pivot":{"x":32.44622802734375,"y":19.042423248291017,"z":-10.023344039916993},"rotation":{"x":0.19786711037158967,"y":-0.6320266723632813,"z":0.1714487224817276,"w":0.7293925881385803},"size":26.159011840820314,"orthographic":true}