{"cameraMode":{"drawMode":0,"name":"Shaded","section":"Shading Mode"},"sceneLighting":true,"audioPlay":false,"sceneViewState":{"m_AlwaysRefresh":false,"showFog":true,"showSkybox":true,"showFlares":true,"showImageEffects":true,"showParticleSystems":true,"showVisualEffectGraphs":true,"m_FxEnabled":true},"in2DMode":false,"pivot":{"x":9.310619354248047,"y":1.7937440872192383,"z":22.132343292236329},"rotation":{"x":-0.11391603201627732,"y":0.7443825602531433,"z":-0.13152717053890229,"w":-0.6446297764778137},"size":13.107349395751954,"orthographic":true}